INSERT INTO "cat" VALUES('vocal_1','清音','vocal',1);
INSERT INTO "cat" VALUES('vocal_2','濁音與半濁音','vocal',2);
INSERT INTO "cat" VALUES('vocal_3','拗音','vocal',3);
INSERT INTO "cat" VALUES('type_1','平假名','type',1);
INSERT INTO "cat" VALUES('type_2','片假名','type',2);
INSERT INTO "letter" VALUES(1,'あ',0,0,0,0);
INSERT INTO "letter" VALUES(2,'い',1,0,0,0);
INSERT INTO "letter" VALUES(3,'う',2,0,0,0);
INSERT INTO "letter" VALUES(4,'え',3,0,0,0);
INSERT INTO "letter" VALUES(5,'お',4,0,0,0);
INSERT INTO "letter" VALUES(6,'か',5,0,0,0);
INSERT INTO "letter" VALUES(7,'き',6,0,0,0);
INSERT INTO "letter" VALUES(8,'く',7,0,0,0);
INSERT INTO "letter" VALUES(9,'け',8,0,0,0);
INSERT INTO "letter" VALUES(10,'こ',9,0,0,0);
INSERT INTO "letter" VALUES(11,'さ',10,0,0,0);
INSERT INTO "letter" VALUES(12,'し',11,0,0,0);
INSERT INTO "letter" VALUES(13,'す',12,0,0,0);
INSERT INTO "letter" VALUES(14,'せ',13,0,0,0);
INSERT INTO "letter" VALUES(15,'そ',14,0,0,0);
INSERT INTO "letter" VALUES(16,'た',15,0,0,0);
INSERT INTO "letter" VALUES(17,'ち',16,0,0,0);
INSERT INTO "letter" VALUES(18,'つ',17,0,0,0);
INSERT INTO "letter" VALUES(19,'て',18,0,0,0);
INSERT INTO "letter" VALUES(20,'と',19,0,0,0);
INSERT INTO "letter" VALUES(21,'な',20,0,0,0);
INSERT INTO "letter" VALUES(22,'に',21,0,0,0);
INSERT INTO "letter" VALUES(23,'ぬ',22,0,0,0);
INSERT INTO "letter" VALUES(24,'ね',23,0,0,0);
INSERT INTO "letter" VALUES(25,'の',24,0,0,0);
INSERT INTO "letter" VALUES(26,'は',25,0,0,0);
INSERT INTO "letter" VALUES(27,'ひ',26,0,0,0);
INSERT INTO "letter" VALUES(28,'ふ',27,0,0,0);
INSERT INTO "letter" VALUES(29,'へ',28,0,0,0);
INSERT INTO "letter" VALUES(30,'ほ',29,0,0,0);
INSERT INTO "letter" VALUES(31,'ま',30,0,0,0);
INSERT INTO "letter" VALUES(32,'み',31,0,0,0);
INSERT INTO "letter" VALUES(33,'む',32,0,0,0);
INSERT INTO "letter" VALUES(34,'め',33,0,0,0);
INSERT INTO "letter" VALUES(35,'も',34,0,0,0);
INSERT INTO "letter" VALUES(36,'や',35,0,0,0);
INSERT INTO "letter" VALUES(37,'ゆ',37,0,0,0);
INSERT INTO "letter" VALUES(38,'よ',39,0,0,0);
INSERT INTO "letter" VALUES(39,'ら',40,0,0,0);
INSERT INTO "letter" VALUES(40,'り',41,0,0,0);
INSERT INTO "letter" VALUES(41,'る',42,0,0,0);
INSERT INTO "letter" VALUES(42,'れ',43,0,0,0);
INSERT INTO "letter" VALUES(43,'ろ',44,0,0,0);
INSERT INTO "letter" VALUES(44,'わ',45,0,0,0);
INSERT INTO "letter" VALUES(45,'を',49,0,0,0);
INSERT INTO "letter" VALUES(46,'ん',54,0,0,0);
INSERT INTO "letter" VALUES(51,'ア',0,0,0,0);
INSERT INTO "letter" VALUES(52,'イ',1,0,0,0);
INSERT INTO "letter" VALUES(53,'ウ',2,0,0,0);
INSERT INTO "letter" VALUES(54,'エ',3,0,0,0);
INSERT INTO "letter" VALUES(55,'オ',4,0,0,0);
INSERT INTO "letter" VALUES(56,'カ',5,0,0,0);
INSERT INTO "letter" VALUES(57,'キ',6,0,0,0);
INSERT INTO "letter" VALUES(58,'ク',7,0,0,0);
INSERT INTO "letter" VALUES(59,'ケ',8,0,0,0);
INSERT INTO "letter" VALUES(60,'コ',9,0,0,0);
INSERT INTO "letter" VALUES(61,'サ',10,0,0,0);
INSERT INTO "letter" VALUES(62,'シ',11,0,0,0);
INSERT INTO "letter" VALUES(63,'ス',12,0,0,0);
INSERT INTO "letter" VALUES(64,'セ',13,0,0,0);
INSERT INTO "letter" VALUES(65,'ソ',14,0,0,0);
INSERT INTO "letter" VALUES(66,'タ',15,0,0,0);
INSERT INTO "letter" VALUES(67,'チ',16,0,0,0);
INSERT INTO "letter" VALUES(68,'ツ',17,0,0,0);
INSERT INTO "letter" VALUES(69,'テ',18,0,0,0);
INSERT INTO "letter" VALUES(70,'ト',19,0,0,0);
INSERT INTO "letter" VALUES(71,'ナ',20,0,0,0);
INSERT INTO "letter" VALUES(72,'ニ',21,0,0,0);
INSERT INTO "letter" VALUES(73,'ヌ',22,0,0,0);
INSERT INTO "letter" VALUES(74,'ネ',23,0,0,0);
INSERT INTO "letter" VALUES(75,'ノ',24,0,0,0);
INSERT INTO "letter" VALUES(76,'ハ',25,0,0,0);
INSERT INTO "letter" VALUES(77,'ヒ',26,0,0,0);
INSERT INTO "letter" VALUES(78,'フ',27,0,0,0);
INSERT INTO "letter" VALUES(79,'へ',28,0,0,0);
INSERT INTO "letter" VALUES(80,'ホ',29,0,0,0);
INSERT INTO "letter" VALUES(81,'マ',30,0,0,0);
INSERT INTO "letter" VALUES(82,'ミ',31,0,0,0);
INSERT INTO "letter" VALUES(83,'ム',32,0,0,0);
INSERT INTO "letter" VALUES(84,'メ',33,0,0,0);
INSERT INTO "letter" VALUES(85,'モ',34,0,0,0);
INSERT INTO "letter" VALUES(86,'ヤ',35,0,0,0);
INSERT INTO "letter" VALUES(87,'ユ',37,0,0,0);
INSERT INTO "letter" VALUES(88,'ヨ',39,0,0,0);
INSERT INTO "letter" VALUES(89,'ラ',40,0,0,0);
INSERT INTO "letter" VALUES(90,'リ',41,0,0,0);
INSERT INTO "letter" VALUES(91,'ル',42,0,0,0);
INSERT INTO "letter" VALUES(92,'レ',43,0,0,0);
INSERT INTO "letter" VALUES(93,'ロ',44,0,0,0);
INSERT INTO "letter" VALUES(94,'ワ',45,0,0,0);
INSERT INTO "letter" VALUES(95,'ヲ',49,0,0,0);
INSERT INTO "letter" VALUES(96,'ン',54,0,0,0);
INSERT INTO "letter" VALUES(101,'が',1,0,0,0);
INSERT INTO "letter" VALUES(102,'ぎ',2,0,0,0);
INSERT INTO "letter" VALUES(103,'ぐ',3,0,0,0);
INSERT INTO "letter" VALUES(104,'げ',4,0,0,0);
INSERT INTO "letter" VALUES(105,'ご',5,0,0,0);
INSERT INTO "letter" VALUES(106,'ざ',6,0,0,0);
INSERT INTO "letter" VALUES(107,'じ',7,0,0,0);
INSERT INTO "letter" VALUES(108,'ず',8,0,0,0);
INSERT INTO "letter" VALUES(109,'ぜ',9,0,0,0);
INSERT INTO "letter" VALUES(110,'ぞ',10,0,0,0);
INSERT INTO "letter" VALUES(111,'だ',11,0,0,0);
INSERT INTO "letter" VALUES(112,'ぢ',12,0,0,0);
INSERT INTO "letter" VALUES(113,'づ',13,0,0,0);
INSERT INTO "letter" VALUES(114,'で',14,0,0,0);
INSERT INTO "letter" VALUES(115,'ど',15,0,0,0);
INSERT INTO "letter" VALUES(116,'ば',16,0,0,0);
INSERT INTO "letter" VALUES(117,'び',17,0,0,0);
INSERT INTO "letter" VALUES(118,'ぶ',18,0,0,0);
INSERT INTO "letter" VALUES(119,'べ',19,0,0,0);
INSERT INTO "letter" VALUES(120,'ぼ',20,0,0,0);
INSERT INTO "letter" VALUES(121,'ぱ',21,0,0,0);
INSERT INTO "letter" VALUES(122,'ぴ',22,0,0,0);
INSERT INTO "letter" VALUES(123,'ぷ',23,0,0,0);
INSERT INTO "letter" VALUES(124,'ぺ',24,0,0,0);
INSERT INTO "letter" VALUES(125,'ぽ',25,0,0,0);
INSERT INTO "letter" VALUES(126,'ガ',1,0,0,0);
INSERT INTO "letter" VALUES(127,'ギ',2,0,0,0);
INSERT INTO "letter" VALUES(128,'グ',3,0,0,0);
INSERT INTO "letter" VALUES(129,'ゲ',4,0,0,0);
INSERT INTO "letter" VALUES(130,'ゴ',5,0,0,0);
INSERT INTO "letter" VALUES(131,'ザ',6,0,0,0);
INSERT INTO "letter" VALUES(132,'ジ',7,0,0,0);
INSERT INTO "letter" VALUES(133,'ズ',8,0,0,0);
INSERT INTO "letter" VALUES(134,'ゼ',9,0,0,0);
INSERT INTO "letter" VALUES(135,'ゾ',10,0,0,0);
INSERT INTO "letter" VALUES(136,'ダ',11,0,0,0);
INSERT INTO "letter" VALUES(137,'ヂ',12,0,0,0);
INSERT INTO "letter" VALUES(138,'ヅ',13,0,0,0);
INSERT INTO "letter" VALUES(139,'デ',14,0,0,0);
INSERT INTO "letter" VALUES(140,'ド',15,0,0,0);
INSERT INTO "letter" VALUES(141,'バ',16,0,0,0);
INSERT INTO "letter" VALUES(142,'ビ',17,0,0,0);
INSERT INTO "letter" VALUES(143,'ブ',18,0,0,0);
INSERT INTO "letter" VALUES(144,'ベ',19,0,0,0);
INSERT INTO "letter" VALUES(145,'ボ',20,0,0,0);
INSERT INTO "letter" VALUES(146,'パ',21,0,0,0);
INSERT INTO "letter" VALUES(147,'ピ',22,0,0,0);
INSERT INTO "letter" VALUES(148,'プ',23,0,0,0);
INSERT INTO "letter" VALUES(149,'ペ',24,0,0,0);
INSERT INTO "letter" VALUES(150,'ポ',25,0,0,0);
INSERT INTO "letter" VALUES(151,'きゃ',0,0,0,0);
INSERT INTO "letter" VALUES(152,'きゅ',1,0,0,0);
INSERT INTO "letter" VALUES(153,'きょ',2,0,0,0);
INSERT INTO "letter" VALUES(154,'しゃ',3,0,0,0);
INSERT INTO "letter" VALUES(155,'しゅ',4,0,0,0);
INSERT INTO "letter" VALUES(156,'しょ',5,0,0,0);
INSERT INTO "letter" VALUES(157,'ちゃ',6,0,0,0);
INSERT INTO "letter" VALUES(158,'ちゅ',7,0,0,0);
INSERT INTO "letter" VALUES(159,'ちょ',8,0,0,0);
INSERT INTO "letter" VALUES(160,'にゃ',9,0,0,0);
INSERT INTO "letter" VALUES(161,'にゅ',10,0,0,0);
INSERT INTO "letter" VALUES(162,'にょ',11,0,0,0);
INSERT INTO "letter" VALUES(163,'ひゃ',12,0,0,0);
INSERT INTO "letter" VALUES(164,'ひゅ',13,0,0,0);
INSERT INTO "letter" VALUES(165,'ひょ',14,0,0,0);
INSERT INTO "letter" VALUES(166,'みゃ',15,0,0,0);
INSERT INTO "letter" VALUES(167,'みゅ',16,0,0,0);
INSERT INTO "letter" VALUES(168,'みょ',17,0,0,0);
INSERT INTO "letter" VALUES(169,'りゃ',18,0,0,0);
INSERT INTO "letter" VALUES(170,'りゅ',19,0,0,0);
INSERT INTO "letter" VALUES(171,'りょ',20,0,0,0);
INSERT INTO "letter" VALUES(172,'ぎゃ',21,0,0,0);
INSERT INTO "letter" VALUES(173,'ぎゅ',22,0,0,0);
INSERT INTO "letter" VALUES(174,'ぎょ',23,0,0,0);
INSERT INTO "letter" VALUES(175,'じゃ',24,0,0,0);
INSERT INTO "letter" VALUES(176,'じゅ',25,0,0,0);
INSERT INTO "letter" VALUES(177,'じょ',26,0,0,0);
INSERT INTO "letter" VALUES(178,'ぢゃ',27,0,0,0);
INSERT INTO "letter" VALUES(179,'ぢゅ',28,0,0,0);
INSERT INTO "letter" VALUES(180,'ぢょ',29,0,0,0);
INSERT INTO "letter" VALUES(181,'びゃ',30,0,0,0);
INSERT INTO "letter" VALUES(182,'びゅ',31,0,0,0);
INSERT INTO "letter" VALUES(183,'びょ',32,0,0,0);
INSERT INTO "letter" VALUES(184,'ぴゃ',33,0,0,0);
INSERT INTO "letter" VALUES(185,'ぴゅ',34,0,0,0);
INSERT INTO "letter" VALUES(186,'ぴょ',35,0,0,0);
INSERT INTO "letter" VALUES(201,'キャ',0,0,0,0);
INSERT INTO "letter" VALUES(202,'キュ',1,0,0,0);
INSERT INTO "letter" VALUES(203,'キョ',2,0,0,0);
INSERT INTO "letter" VALUES(204,'シャ',3,0,0,0);
INSERT INTO "letter" VALUES(205,'シュ',4,0,0,0);
INSERT INTO "letter" VALUES(206,'ショ',5,0,0,0);
INSERT INTO "letter" VALUES(207,'チャ',6,0,0,0);
INSERT INTO "letter" VALUES(208,'チュ',7,0,0,0);
INSERT INTO "letter" VALUES(209,'チョ',8,0,0,0);
INSERT INTO "letter" VALUES(210,'ニャ',9,0,0,0);
INSERT INTO "letter" VALUES(211,'ニュ',10,0,0,0);
INSERT INTO "letter" VALUES(212,'ニョ',11,0,0,0);
INSERT INTO "letter" VALUES(213,'ヒャ',12,0,0,0);
INSERT INTO "letter" VALUES(214,'ヒュ',13,0,0,0);
INSERT INTO "letter" VALUES(215,'ヒョ',14,0,0,0);
INSERT INTO "letter" VALUES(216,'ミャ',15,0,0,0);
INSERT INTO "letter" VALUES(217,'ミュ',16,0,0,0);
INSERT INTO "letter" VALUES(218,'ミョ',17,0,0,0);
INSERT INTO "letter" VALUES(219,'リャ',18,0,0,0);
INSERT INTO "letter" VALUES(220,'リュ',19,0,0,0);
INSERT INTO "letter" VALUES(221,'リョ',20,0,0,0);
INSERT INTO "letter" VALUES(222,'ギャ',21,0,0,0);
INSERT INTO "letter" VALUES(223,'ギュ',22,0,0,0);
INSERT INTO "letter" VALUES(224,'ギョ',23,0,0,0);
INSERT INTO "letter" VALUES(225,'ジャ',24,0,0,0);
INSERT INTO "letter" VALUES(226,'ジュ',25,0,0,0);
INSERT INTO "letter" VALUES(227,'ジョ',26,0,0,0);
INSERT INTO "letter" VALUES(228,'ヂャ',27,0,0,0);
INSERT INTO "letter" VALUES(229,'ヂュ',28,0,0,0);
INSERT INTO "letter" VALUES(230,'ヂョ',29,0,0,0);
INSERT INTO "letter" VALUES(231,'ビャ',30,0,0,0);
INSERT INTO "letter" VALUES(232,'ビュ',31,0,0,0);
INSERT INTO "letter" VALUES(233,'ビョ',32,0,0,0);
INSERT INTO "letter" VALUES(234,'ピャ',33,0,0,0);
INSERT INTO "letter" VALUES(235,'ピュ',34,0,0,0);
INSERT INTO "letter" VALUES(236,'ピョ',35,0,0,0);
INSERT INTO "letter_cat" VALUES('vocal_1',1);
INSERT INTO "letter_cat" VALUES('vocal_1',2);
INSERT INTO "letter_cat" VALUES('vocal_1',3);
INSERT INTO "letter_cat" VALUES('vocal_1',4);
INSERT INTO "letter_cat" VALUES('vocal_1',5);
INSERT INTO "letter_cat" VALUES('vocal_1',6);
INSERT INTO "letter_cat" VALUES('vocal_1',7);
INSERT INTO "letter_cat" VALUES('vocal_1',8);
INSERT INTO "letter_cat" VALUES('vocal_1',9);
INSERT INTO "letter_cat" VALUES('vocal_1',10);
INSERT INTO "letter_cat" VALUES('vocal_1',11);
INSERT INTO "letter_cat" VALUES('vocal_1',12);
INSERT INTO "letter_cat" VALUES('vocal_1',13);
INSERT INTO "letter_cat" VALUES('vocal_1',14);
INSERT INTO "letter_cat" VALUES('vocal_1',15);
INSERT INTO "letter_cat" VALUES('vocal_1',16);
INSERT INTO "letter_cat" VALUES('vocal_1',17);
INSERT INTO "letter_cat" VALUES('vocal_1',18);
INSERT INTO "letter_cat" VALUES('vocal_1',19);
INSERT INTO "letter_cat" VALUES('vocal_1',20);
INSERT INTO "letter_cat" VALUES('vocal_1',21);
INSERT INTO "letter_cat" VALUES('vocal_1',22);
INSERT INTO "letter_cat" VALUES('vocal_1',23);
INSERT INTO "letter_cat" VALUES('vocal_1',24);
INSERT INTO "letter_cat" VALUES('vocal_1',25);
INSERT INTO "letter_cat" VALUES('vocal_1',26);
INSERT INTO "letter_cat" VALUES('vocal_1',27);
INSERT INTO "letter_cat" VALUES('vocal_1',28);
INSERT INTO "letter_cat" VALUES('vocal_1',29);
INSERT INTO "letter_cat" VALUES('vocal_1',30);
INSERT INTO "letter_cat" VALUES('vocal_1',31);
INSERT INTO "letter_cat" VALUES('vocal_1',32);
INSERT INTO "letter_cat" VALUES('vocal_1',33);
INSERT INTO "letter_cat" VALUES('vocal_1',34);
INSERT INTO "letter_cat" VALUES('vocal_1',35);
INSERT INTO "letter_cat" VALUES('vocal_1',36);
INSERT INTO "letter_cat" VALUES('vocal_1',37);
INSERT INTO "letter_cat" VALUES('vocal_1',38);
INSERT INTO "letter_cat" VALUES('vocal_1',39);
INSERT INTO "letter_cat" VALUES('vocal_1',40);
INSERT INTO "letter_cat" VALUES('vocal_1',41);
INSERT INTO "letter_cat" VALUES('vocal_1',42);
INSERT INTO "letter_cat" VALUES('vocal_1',43);
INSERT INTO "letter_cat" VALUES('vocal_1',44);
INSERT INTO "letter_cat" VALUES('vocal_1',45);
INSERT INTO "letter_cat" VALUES('vocal_1',46);
INSERT INTO "letter_cat" VALUES('type_1',1);
INSERT INTO "letter_cat" VALUES('type_1',2);
INSERT INTO "letter_cat" VALUES('type_1',3);
INSERT INTO "letter_cat" VALUES('type_1',4);
INSERT INTO "letter_cat" VALUES('type_1',5);
INSERT INTO "letter_cat" VALUES('type_1',6);
INSERT INTO "letter_cat" VALUES('type_1',7);
INSERT INTO "letter_cat" VALUES('type_1',8);
INSERT INTO "letter_cat" VALUES('type_1',9);
INSERT INTO "letter_cat" VALUES('type_1',10);
INSERT INTO "letter_cat" VALUES('type_1',11);
INSERT INTO "letter_cat" VALUES('type_1',12);
INSERT INTO "letter_cat" VALUES('type_1',13);
INSERT INTO "letter_cat" VALUES('type_1',14);
INSERT INTO "letter_cat" VALUES('type_1',15);
INSERT INTO "letter_cat" VALUES('type_1',16);
INSERT INTO "letter_cat" VALUES('type_1',17);
INSERT INTO "letter_cat" VALUES('type_1',18);
INSERT INTO "letter_cat" VALUES('type_1',19);
INSERT INTO "letter_cat" VALUES('type_1',20);
INSERT INTO "letter_cat" VALUES('type_1',21);
INSERT INTO "letter_cat" VALUES('type_1',22);
INSERT INTO "letter_cat" VALUES('type_1',23);
INSERT INTO "letter_cat" VALUES('type_1',24);
INSERT INTO "letter_cat" VALUES('type_1',25);
INSERT INTO "letter_cat" VALUES('type_1',26);
INSERT INTO "letter_cat" VALUES('type_1',27);
INSERT INTO "letter_cat" VALUES('type_1',28);
INSERT INTO "letter_cat" VALUES('type_1',29);
INSERT INTO "letter_cat" VALUES('type_1',30);
INSERT INTO "letter_cat" VALUES('type_1',31);
INSERT INTO "letter_cat" VALUES('type_1',32);
INSERT INTO "letter_cat" VALUES('type_1',33);
INSERT INTO "letter_cat" VALUES('type_1',34);
INSERT INTO "letter_cat" VALUES('type_1',35);
INSERT INTO "letter_cat" VALUES('type_1',36);
INSERT INTO "letter_cat" VALUES('type_1',37);
INSERT INTO "letter_cat" VALUES('type_1',38);
INSERT INTO "letter_cat" VALUES('type_1',39);
INSERT INTO "letter_cat" VALUES('type_1',40);
INSERT INTO "letter_cat" VALUES('type_1',41);
INSERT INTO "letter_cat" VALUES('type_1',42);
INSERT INTO "letter_cat" VALUES('type_1',43);
INSERT INTO "letter_cat" VALUES('type_1',44);
INSERT INTO "letter_cat" VALUES('type_1',45);
INSERT INTO "letter_cat" VALUES('type_1',46);
INSERT INTO "letter_cat" VALUES('vocal_1',51);
INSERT INTO "letter_cat" VALUES('vocal_1',52);
INSERT INTO "letter_cat" VALUES('vocal_1',53);
INSERT INTO "letter_cat" VALUES('vocal_1',54);
INSERT INTO "letter_cat" VALUES('vocal_1',55);
INSERT INTO "letter_cat" VALUES('vocal_1',56);
INSERT INTO "letter_cat" VALUES('vocal_1',57);
INSERT INTO "letter_cat" VALUES('vocal_1',58);
INSERT INTO "letter_cat" VALUES('vocal_1',59);
INSERT INTO "letter_cat" VALUES('vocal_1',60);
INSERT INTO "letter_cat" VALUES('vocal_1',61);
INSERT INTO "letter_cat" VALUES('vocal_1',62);
INSERT INTO "letter_cat" VALUES('vocal_1',63);
INSERT INTO "letter_cat" VALUES('vocal_1',64);
INSERT INTO "letter_cat" VALUES('vocal_1',65);
INSERT INTO "letter_cat" VALUES('vocal_1',66);
INSERT INTO "letter_cat" VALUES('vocal_1',67);
INSERT INTO "letter_cat" VALUES('vocal_1',68);
INSERT INTO "letter_cat" VALUES('vocal_1',69);
INSERT INTO "letter_cat" VALUES('vocal_1',70);
INSERT INTO "letter_cat" VALUES('vocal_1',71);
INSERT INTO "letter_cat" VALUES('vocal_1',72);
INSERT INTO "letter_cat" VALUES('vocal_1',73);
INSERT INTO "letter_cat" VALUES('vocal_1',74);
INSERT INTO "letter_cat" VALUES('vocal_1',75);
INSERT INTO "letter_cat" VALUES('vocal_1',76);
INSERT INTO "letter_cat" VALUES('vocal_1',77);
INSERT INTO "letter_cat" VALUES('vocal_1',78);
INSERT INTO "letter_cat" VALUES('vocal_1',79);
INSERT INTO "letter_cat" VALUES('vocal_1',80);
INSERT INTO "letter_cat" VALUES('vocal_1',81);
INSERT INTO "letter_cat" VALUES('vocal_1',82);
INSERT INTO "letter_cat" VALUES('vocal_1',83);
INSERT INTO "letter_cat" VALUES('vocal_1',84);
INSERT INTO "letter_cat" VALUES('vocal_1',85);
INSERT INTO "letter_cat" VALUES('vocal_1',86);
INSERT INTO "letter_cat" VALUES('vocal_1',87);
INSERT INTO "letter_cat" VALUES('vocal_1',88);
INSERT INTO "letter_cat" VALUES('vocal_1',89);
INSERT INTO "letter_cat" VALUES('vocal_1',90);
INSERT INTO "letter_cat" VALUES('vocal_1',91);
INSERT INTO "letter_cat" VALUES('vocal_1',92);
INSERT INTO "letter_cat" VALUES('vocal_1',93);
INSERT INTO "letter_cat" VALUES('vocal_1',94);
INSERT INTO "letter_cat" VALUES('vocal_1',95);
INSERT INTO "letter_cat" VALUES('vocal_1',96);
INSERT INTO "letter_cat" VALUES('type_2',51);
INSERT INTO "letter_cat" VALUES('type_2',52);
INSERT INTO "letter_cat" VALUES('type_2',53);
INSERT INTO "letter_cat" VALUES('type_2',54);
INSERT INTO "letter_cat" VALUES('type_2',55);
INSERT INTO "letter_cat" VALUES('type_2',56);
INSERT INTO "letter_cat" VALUES('type_2',57);
INSERT INTO "letter_cat" VALUES('type_2',58);
INSERT INTO "letter_cat" VALUES('type_2',59);
INSERT INTO "letter_cat" VALUES('type_2',60);
INSERT INTO "letter_cat" VALUES('type_2',61);
INSERT INTO "letter_cat" VALUES('type_2',62);
INSERT INTO "letter_cat" VALUES('type_2',63);
INSERT INTO "letter_cat" VALUES('type_2',64);
INSERT INTO "letter_cat" VALUES('type_2',65);
INSERT INTO "letter_cat" VALUES('type_2',66);
INSERT INTO "letter_cat" VALUES('type_2',67);
INSERT INTO "letter_cat" VALUES('type_2',68);
INSERT INTO "letter_cat" VALUES('type_2',69);
INSERT INTO "letter_cat" VALUES('type_2',70);
INSERT INTO "letter_cat" VALUES('type_2',71);
INSERT INTO "letter_cat" VALUES('type_2',72);
INSERT INTO "letter_cat" VALUES('type_2',73);
INSERT INTO "letter_cat" VALUES('type_2',74);
INSERT INTO "letter_cat" VALUES('type_2',75);
INSERT INTO "letter_cat" VALUES('type_2',76);
INSERT INTO "letter_cat" VALUES('type_2',77);
INSERT INTO "letter_cat" VALUES('type_2',78);
INSERT INTO "letter_cat" VALUES('type_2',79);
INSERT INTO "letter_cat" VALUES('type_2',80);
INSERT INTO "letter_cat" VALUES('type_2',81);
INSERT INTO "letter_cat" VALUES('type_2',82);
INSERT INTO "letter_cat" VALUES('type_2',83);
INSERT INTO "letter_cat" VALUES('type_2',84);
INSERT INTO "letter_cat" VALUES('type_2',85);
INSERT INTO "letter_cat" VALUES('type_2',86);
INSERT INTO "letter_cat" VALUES('type_2',87);
INSERT INTO "letter_cat" VALUES('type_2',88);
INSERT INTO "letter_cat" VALUES('type_2',89);
INSERT INTO "letter_cat" VALUES('type_2',90);
INSERT INTO "letter_cat" VALUES('type_2',91);
INSERT INTO "letter_cat" VALUES('type_2',92);
INSERT INTO "letter_cat" VALUES('type_2',93);
INSERT INTO "letter_cat" VALUES('type_2',94);
INSERT INTO "letter_cat" VALUES('type_2',95);
INSERT INTO "letter_cat" VALUES('type_2',96);
INSERT INTO "letter_cat" VALUES('vocal_2',101);
INSERT INTO "letter_cat" VALUES('vocal_2',102);
INSERT INTO "letter_cat" VALUES('vocal_2',103);
INSERT INTO "letter_cat" VALUES('vocal_2',104);
INSERT INTO "letter_cat" VALUES('vocal_2',105);
INSERT INTO "letter_cat" VALUES('vocal_2',106);
INSERT INTO "letter_cat" VALUES('vocal_2',107);
INSERT INTO "letter_cat" VALUES('vocal_2',108);
INSERT INTO "letter_cat" VALUES('vocal_2',109);
INSERT INTO "letter_cat" VALUES('vocal_2',110);
INSERT INTO "letter_cat" VALUES('vocal_2',111);
INSERT INTO "letter_cat" VALUES('vocal_2',112);
INSERT INTO "letter_cat" VALUES('vocal_2',113);
INSERT INTO "letter_cat" VALUES('vocal_2',114);
INSERT INTO "letter_cat" VALUES('vocal_2',115);
INSERT INTO "letter_cat" VALUES('vocal_2',116);
INSERT INTO "letter_cat" VALUES('vocal_2',117);
INSERT INTO "letter_cat" VALUES('vocal_2',118);
INSERT INTO "letter_cat" VALUES('vocal_2',119);
INSERT INTO "letter_cat" VALUES('vocal_2',120);
INSERT INTO "letter_cat" VALUES('vocal_2',121);
INSERT INTO "letter_cat" VALUES('vocal_2',122);
INSERT INTO "letter_cat" VALUES('vocal_2',123);
INSERT INTO "letter_cat" VALUES('vocal_2',124);
INSERT INTO "letter_cat" VALUES('vocal_2',125);
INSERT INTO "letter_cat" VALUES('type_1',101);
INSERT INTO "letter_cat" VALUES('type_1',102);
INSERT INTO "letter_cat" VALUES('type_1',103);
INSERT INTO "letter_cat" VALUES('type_1',104);
INSERT INTO "letter_cat" VALUES('type_1',105);
INSERT INTO "letter_cat" VALUES('type_1',106);
INSERT INTO "letter_cat" VALUES('type_1',107);
INSERT INTO "letter_cat" VALUES('type_1',108);
INSERT INTO "letter_cat" VALUES('type_1',109);
INSERT INTO "letter_cat" VALUES('type_1',110);
INSERT INTO "letter_cat" VALUES('type_1',111);
INSERT INTO "letter_cat" VALUES('type_1',112);
INSERT INTO "letter_cat" VALUES('type_1',113);
INSERT INTO "letter_cat" VALUES('type_1',114);
INSERT INTO "letter_cat" VALUES('type_1',115);
INSERT INTO "letter_cat" VALUES('type_1',116);
INSERT INTO "letter_cat" VALUES('type_1',117);
INSERT INTO "letter_cat" VALUES('type_1',118);
INSERT INTO "letter_cat" VALUES('type_1',119);
INSERT INTO "letter_cat" VALUES('type_1',120);
INSERT INTO "letter_cat" VALUES('type_1',121);
INSERT INTO "letter_cat" VALUES('type_1',122);
INSERT INTO "letter_cat" VALUES('type_1',123);
INSERT INTO "letter_cat" VALUES('type_1',124);
INSERT INTO "letter_cat" VALUES('type_1',125);
INSERT INTO "letter_cat" VALUES('vocal_2',126);
INSERT INTO "letter_cat" VALUES('vocal_2',127);
INSERT INTO "letter_cat" VALUES('vocal_2',128);
INSERT INTO "letter_cat" VALUES('vocal_2',129);
INSERT INTO "letter_cat" VALUES('vocal_2',130);
INSERT INTO "letter_cat" VALUES('vocal_2',131);
INSERT INTO "letter_cat" VALUES('vocal_2',132);
INSERT INTO "letter_cat" VALUES('vocal_2',133);
INSERT INTO "letter_cat" VALUES('vocal_2',134);
INSERT INTO "letter_cat" VALUES('vocal_2',135);
INSERT INTO "letter_cat" VALUES('vocal_2',136);
INSERT INTO "letter_cat" VALUES('vocal_2',137);
INSERT INTO "letter_cat" VALUES('vocal_2',138);
INSERT INTO "letter_cat" VALUES('vocal_2',139);
INSERT INTO "letter_cat" VALUES('vocal_2',140);
INSERT INTO "letter_cat" VALUES('vocal_2',141);
INSERT INTO "letter_cat" VALUES('vocal_2',142);
INSERT INTO "letter_cat" VALUES('vocal_2',143);
INSERT INTO "letter_cat" VALUES('vocal_2',144);
INSERT INTO "letter_cat" VALUES('vocal_2',145);
INSERT INTO "letter_cat" VALUES('vocal_2',146);
INSERT INTO "letter_cat" VALUES('vocal_2',147);
INSERT INTO "letter_cat" VALUES('vocal_2',148);
INSERT INTO "letter_cat" VALUES('vocal_2',149);
INSERT INTO "letter_cat" VALUES('vocal_2',150);
INSERT INTO "letter_cat" VALUES('type_2',126);
INSERT INTO "letter_cat" VALUES('type_2',127);
INSERT INTO "letter_cat" VALUES('type_2',128);
INSERT INTO "letter_cat" VALUES('type_2',129);
INSERT INTO "letter_cat" VALUES('type_2',130);
INSERT INTO "letter_cat" VALUES('type_2',131);
INSERT INTO "letter_cat" VALUES('type_2',132);
INSERT INTO "letter_cat" VALUES('type_2',133);
INSERT INTO "letter_cat" VALUES('type_2',134);
INSERT INTO "letter_cat" VALUES('type_2',135);
INSERT INTO "letter_cat" VALUES('type_2',136);
INSERT INTO "letter_cat" VALUES('type_2',137);
INSERT INTO "letter_cat" VALUES('type_2',138);
INSERT INTO "letter_cat" VALUES('type_2',139);
INSERT INTO "letter_cat" VALUES('type_2',140);
INSERT INTO "letter_cat" VALUES('type_2',141);
INSERT INTO "letter_cat" VALUES('type_2',142);
INSERT INTO "letter_cat" VALUES('type_2',143);
INSERT INTO "letter_cat" VALUES('type_2',144);
INSERT INTO "letter_cat" VALUES('type_2',145);
INSERT INTO "letter_cat" VALUES('type_2',146);
INSERT INTO "letter_cat" VALUES('type_2',147);
INSERT INTO "letter_cat" VALUES('type_2',148);
INSERT INTO "letter_cat" VALUES('type_2',149);
INSERT INTO "letter_cat" VALUES('type_2',150);
INSERT INTO "letter_cat" VALUES('vocal_3',151);
INSERT INTO "letter_cat" VALUES('vocal_3',152);
INSERT INTO "letter_cat" VALUES('vocal_3',153);
INSERT INTO "letter_cat" VALUES('vocal_3',154);
INSERT INTO "letter_cat" VALUES('vocal_3',155);
INSERT INTO "letter_cat" VALUES('vocal_3',156);
INSERT INTO "letter_cat" VALUES('vocal_3',157);
INSERT INTO "letter_cat" VALUES('vocal_3',158);
INSERT INTO "letter_cat" VALUES('vocal_3',159);
INSERT INTO "letter_cat" VALUES('vocal_3',160);
INSERT INTO "letter_cat" VALUES('vocal_3',161);
INSERT INTO "letter_cat" VALUES('vocal_3',162);
INSERT INTO "letter_cat" VALUES('vocal_3',163);
INSERT INTO "letter_cat" VALUES('vocal_3',164);
INSERT INTO "letter_cat" VALUES('vocal_3',165);
INSERT INTO "letter_cat" VALUES('vocal_3',166);
INSERT INTO "letter_cat" VALUES('vocal_3',167);
INSERT INTO "letter_cat" VALUES('vocal_3',168);
INSERT INTO "letter_cat" VALUES('vocal_3',169);
INSERT INTO "letter_cat" VALUES('vocal_3',170);
INSERT INTO "letter_cat" VALUES('vocal_3',171);
INSERT INTO "letter_cat" VALUES('vocal_3',172);
INSERT INTO "letter_cat" VALUES('vocal_3',173);
INSERT INTO "letter_cat" VALUES('vocal_3',174);
INSERT INTO "letter_cat" VALUES('vocal_3',175);
INSERT INTO "letter_cat" VALUES('vocal_3',176);
INSERT INTO "letter_cat" VALUES('vocal_3',177);
INSERT INTO "letter_cat" VALUES('vocal_3',178);
INSERT INTO "letter_cat" VALUES('vocal_3',179);
INSERT INTO "letter_cat" VALUES('vocal_3',180);
INSERT INTO "letter_cat" VALUES('vocal_3',181);
INSERT INTO "letter_cat" VALUES('vocal_3',182);
INSERT INTO "letter_cat" VALUES('vocal_3',183);
INSERT INTO "letter_cat" VALUES('vocal_3',184);
INSERT INTO "letter_cat" VALUES('vocal_3',185);
INSERT INTO "letter_cat" VALUES('vocal_3',186);
INSERT INTO "letter_cat" VALUES('type_1',151);
INSERT INTO "letter_cat" VALUES('type_1',152);
INSERT INTO "letter_cat" VALUES('type_1',153);
INSERT INTO "letter_cat" VALUES('type_1',154);
INSERT INTO "letter_cat" VALUES('type_1',155);
INSERT INTO "letter_cat" VALUES('type_1',156);
INSERT INTO "letter_cat" VALUES('type_1',157);
INSERT INTO "letter_cat" VALUES('type_1',158);
INSERT INTO "letter_cat" VALUES('type_1',159);
INSERT INTO "letter_cat" VALUES('type_1',160);
INSERT INTO "letter_cat" VALUES('type_1',161);
INSERT INTO "letter_cat" VALUES('type_1',162);
INSERT INTO "letter_cat" VALUES('type_1',163);
INSERT INTO "letter_cat" VALUES('type_1',164);
INSERT INTO "letter_cat" VALUES('type_1',165);
INSERT INTO "letter_cat" VALUES('type_1',166);
INSERT INTO "letter_cat" VALUES('type_1',167);
INSERT INTO "letter_cat" VALUES('type_1',168);
INSERT INTO "letter_cat" VALUES('type_1',169);
INSERT INTO "letter_cat" VALUES('type_1',170);
INSERT INTO "letter_cat" VALUES('type_1',171);
INSERT INTO "letter_cat" VALUES('type_1',172);
INSERT INTO "letter_cat" VALUES('type_1',173);
INSERT INTO "letter_cat" VALUES('type_1',174);
INSERT INTO "letter_cat" VALUES('type_1',175);
INSERT INTO "letter_cat" VALUES('type_1',176);
INSERT INTO "letter_cat" VALUES('type_1',177);
INSERT INTO "letter_cat" VALUES('type_1',178);
INSERT INTO "letter_cat" VALUES('type_1',179);
INSERT INTO "letter_cat" VALUES('type_1',180);
INSERT INTO "letter_cat" VALUES('type_1',181);
INSERT INTO "letter_cat" VALUES('type_1',182);
INSERT INTO "letter_cat" VALUES('type_1',183);
INSERT INTO "letter_cat" VALUES('type_1',184);
INSERT INTO "letter_cat" VALUES('type_1',185);
INSERT INTO "letter_cat" VALUES('type_1',186);
INSERT INTO "letter_cat" VALUES('vocal_3',201);
INSERT INTO "letter_cat" VALUES('vocal_3',202);
INSERT INTO "letter_cat" VALUES('vocal_3',203);
INSERT INTO "letter_cat" VALUES('vocal_3',204);
INSERT INTO "letter_cat" VALUES('vocal_3',205);
INSERT INTO "letter_cat" VALUES('vocal_3',206);
INSERT INTO "letter_cat" VALUES('vocal_3',207);
INSERT INTO "letter_cat" VALUES('vocal_3',208);
INSERT INTO "letter_cat" VALUES('vocal_3',209);
INSERT INTO "letter_cat" VALUES('vocal_3',210);
INSERT INTO "letter_cat" VALUES('vocal_3',211);
INSERT INTO "letter_cat" VALUES('vocal_3',212);
INSERT INTO "letter_cat" VALUES('vocal_3',213);
INSERT INTO "letter_cat" VALUES('vocal_3',214);
INSERT INTO "letter_cat" VALUES('vocal_3',215);
INSERT INTO "letter_cat" VALUES('vocal_3',216);
INSERT INTO "letter_cat" VALUES('vocal_3',217);
INSERT INTO "letter_cat" VALUES('vocal_3',218);
INSERT INTO "letter_cat" VALUES('vocal_3',219);
INSERT INTO "letter_cat" VALUES('vocal_3',220);
INSERT INTO "letter_cat" VALUES('vocal_3',221);
INSERT INTO "letter_cat" VALUES('vocal_3',222);
INSERT INTO "letter_cat" VALUES('vocal_3',223);
INSERT INTO "letter_cat" VALUES('vocal_3',224);
INSERT INTO "letter_cat" VALUES('vocal_3',225);
INSERT INTO "letter_cat" VALUES('vocal_3',226);
INSERT INTO "letter_cat" VALUES('vocal_3',227);
INSERT INTO "letter_cat" VALUES('vocal_3',228);
INSERT INTO "letter_cat" VALUES('vocal_3',229);
INSERT INTO "letter_cat" VALUES('vocal_3',230);
INSERT INTO "letter_cat" VALUES('vocal_3',231);
INSERT INTO "letter_cat" VALUES('vocal_3',232);
INSERT INTO "letter_cat" VALUES('vocal_3',233);
INSERT INTO "letter_cat" VALUES('vocal_3',234);
INSERT INTO "letter_cat" VALUES('vocal_3',235);
INSERT INTO "letter_cat" VALUES('vocal_3',236);
INSERT INTO "letter_cat" VALUES('type_2',201);
INSERT INTO "letter_cat" VALUES('type_2',202);
INSERT INTO "letter_cat" VALUES('type_2',203);
INSERT INTO "letter_cat" VALUES('type_2',204);
INSERT INTO "letter_cat" VALUES('type_2',205);
INSERT INTO "letter_cat" VALUES('type_2',206);
INSERT INTO "letter_cat" VALUES('type_2',207);
INSERT INTO "letter_cat" VALUES('type_2',208);
INSERT INTO "letter_cat" VALUES('type_2',209);
INSERT INTO "letter_cat" VALUES('type_2',210);
INSERT INTO "letter_cat" VALUES('type_2',211);
INSERT INTO "letter_cat" VALUES('type_2',212);
INSERT INTO "letter_cat" VALUES('type_2',213);
INSERT INTO "letter_cat" VALUES('type_2',214);
INSERT INTO "letter_cat" VALUES('type_2',215);
INSERT INTO "letter_cat" VALUES('type_2',216);
INSERT INTO "letter_cat" VALUES('type_2',217);
INSERT INTO "letter_cat" VALUES('type_2',218);
INSERT INTO "letter_cat" VALUES('type_2',219);
INSERT INTO "letter_cat" VALUES('type_2',220);
INSERT INTO "letter_cat" VALUES('type_2',221);
INSERT INTO "letter_cat" VALUES('type_2',222);
INSERT INTO "letter_cat" VALUES('type_2',223);
INSERT INTO "letter_cat" VALUES('type_2',224);
INSERT INTO "letter_cat" VALUES('type_2',225);
INSERT INTO "letter_cat" VALUES('type_2',226);
INSERT INTO "letter_cat" VALUES('type_2',227);
INSERT INTO "letter_cat" VALUES('type_2',228);
INSERT INTO "letter_cat" VALUES('type_2',229);
INSERT INTO "letter_cat" VALUES('type_2',230);
INSERT INTO "letter_cat" VALUES('type_2',231);
INSERT INTO "letter_cat" VALUES('type_2',232);
INSERT INTO "letter_cat" VALUES('type_2',233);
INSERT INTO "letter_cat" VALUES('type_2',234);
INSERT INTO "letter_cat" VALUES('type_2',235);
INSERT INTO "letter_cat" VALUES('type_2',236);
INSERT INTO "phonics" VALUES(1,'a');
INSERT INTO "phonics" VALUES(2,'i');
INSERT INTO "phonics" VALUES(3,'u');
INSERT INTO "phonics" VALUES(4,'e');
INSERT INTO "phonics" VALUES(5,'o');
INSERT INTO "phonics" VALUES(6,'ka');
INSERT INTO "phonics" VALUES(7,'ki');
INSERT INTO "phonics" VALUES(8,'ku');
INSERT INTO "phonics" VALUES(9,'ke');
INSERT INTO "phonics" VALUES(10,'ko');
INSERT INTO "phonics" VALUES(11,'sa');
INSERT INTO "phonics" VALUES(12,'shi');
INSERT INTO "phonics" VALUES(13,'su');
INSERT INTO "phonics" VALUES(14,'se');
INSERT INTO "phonics" VALUES(15,'so');
INSERT INTO "phonics" VALUES(16,'ta');
INSERT INTO "phonics" VALUES(17,'chi');
INSERT INTO "phonics" VALUES(18,'tsu');
INSERT INTO "phonics" VALUES(19,'te');
INSERT INTO "phonics" VALUES(20,'to');
INSERT INTO "phonics" VALUES(21,'na');
INSERT INTO "phonics" VALUES(22,'ni');
INSERT INTO "phonics" VALUES(23,'nu');
INSERT INTO "phonics" VALUES(24,'ne');
INSERT INTO "phonics" VALUES(25,'no');
INSERT INTO "phonics" VALUES(26,'ha');
INSERT INTO "phonics" VALUES(27,'hi');
INSERT INTO "phonics" VALUES(28,'hu');
INSERT INTO "phonics" VALUES(29,'he');
INSERT INTO "phonics" VALUES(30,'ho');
INSERT INTO "phonics" VALUES(31,'ma');
INSERT INTO "phonics" VALUES(32,'mi');
INSERT INTO "phonics" VALUES(33,'mu');
INSERT INTO "phonics" VALUES(34,'me');
INSERT INTO "phonics" VALUES(35,'mo');
INSERT INTO "phonics" VALUES(36,'ya');
INSERT INTO "phonics" VALUES(37,'yu');
INSERT INTO "phonics" VALUES(38,'yo');
INSERT INTO "phonics" VALUES(39,'ra');
INSERT INTO "phonics" VALUES(40,'ri');
INSERT INTO "phonics" VALUES(41,'ru');
INSERT INTO "phonics" VALUES(42,'re');
INSERT INTO "phonics" VALUES(43,'ro');
INSERT INTO "phonics" VALUES(44,'w');
INSERT INTO "phonics" VALUES(45,'o');
INSERT INTO "phonics" VALUES(46,'n');
INSERT INTO "phonics" VALUES(51,'a');
INSERT INTO "phonics" VALUES(52,'i');
INSERT INTO "phonics" VALUES(53,'u');
INSERT INTO "phonics" VALUES(54,'e');
INSERT INTO "phonics" VALUES(55,'o');
INSERT INTO "phonics" VALUES(56,'ka');
INSERT INTO "phonics" VALUES(57,'ki');
INSERT INTO "phonics" VALUES(58,'ku');
INSERT INTO "phonics" VALUES(59,'ke');
INSERT INTO "phonics" VALUES(60,'ko');
INSERT INTO "phonics" VALUES(61,'sa');
INSERT INTO "phonics" VALUES(62,'shi');
INSERT INTO "phonics" VALUES(63,'su');
INSERT INTO "phonics" VALUES(64,'se');
INSERT INTO "phonics" VALUES(65,'so');
INSERT INTO "phonics" VALUES(66,'ta');
INSERT INTO "phonics" VALUES(67,'chi');
INSERT INTO "phonics" VALUES(68,'tsu');
INSERT INTO "phonics" VALUES(69,'te');
INSERT INTO "phonics" VALUES(70,'to');
INSERT INTO "phonics" VALUES(71,'na');
INSERT INTO "phonics" VALUES(72,'ni');
INSERT INTO "phonics" VALUES(73,'nu');
INSERT INTO "phonics" VALUES(74,'ne');
INSERT INTO "phonics" VALUES(75,'no');
INSERT INTO "phonics" VALUES(76,'ha');
INSERT INTO "phonics" VALUES(77,'hi');
INSERT INTO "phonics" VALUES(78,'hu');
INSERT INTO "phonics" VALUES(79,'he');
INSERT INTO "phonics" VALUES(80,'ho');
INSERT INTO "phonics" VALUES(81,'ma');
INSERT INTO "phonics" VALUES(82,'mi');
INSERT INTO "phonics" VALUES(83,'mu');
INSERT INTO "phonics" VALUES(84,'me');
INSERT INTO "phonics" VALUES(85,'mo');
INSERT INTO "phonics" VALUES(86,'ya');
INSERT INTO "phonics" VALUES(87,'yu');
INSERT INTO "phonics" VALUES(88,'yo');
INSERT INTO "phonics" VALUES(89,'ra');
INSERT INTO "phonics" VALUES(90,'ri');
INSERT INTO "phonics" VALUES(91,'ru');
INSERT INTO "phonics" VALUES(92,'re');
INSERT INTO "phonics" VALUES(93,'ro');
INSERT INTO "phonics" VALUES(94,'w');
INSERT INTO "phonics" VALUES(95,'o');
INSERT INTO "phonics" VALUES(96,'n');
INSERT INTO "phonics" VALUES(101,'ga');
INSERT INTO "phonics" VALUES(102,'gi');
INSERT INTO "phonics" VALUES(103,'gu');
INSERT INTO "phonics" VALUES(104,'ge');
INSERT INTO "phonics" VALUES(105,'go');
INSERT INTO "phonics" VALUES(106,'za');
INSERT INTO "phonics" VALUES(107,'ji');
INSERT INTO "phonics" VALUES(108,'zu');
INSERT INTO "phonics" VALUES(109,'ze');
INSERT INTO "phonics" VALUES(110,'zo');
INSERT INTO "phonics" VALUES(111,'da');
INSERT INTO "phonics" VALUES(112,'ji');
INSERT INTO "phonics" VALUES(113,'du');
INSERT INTO "phonics" VALUES(114,'de');
INSERT INTO "phonics" VALUES(115,'do');
INSERT INTO "phonics" VALUES(116,'ba');
INSERT INTO "phonics" VALUES(117,'bi');
INSERT INTO "phonics" VALUES(118,'bu');
INSERT INTO "phonics" VALUES(119,'be');
INSERT INTO "phonics" VALUES(120,'bo');
INSERT INTO "phonics" VALUES(121,'pa');
INSERT INTO "phonics" VALUES(122,'pi');
INSERT INTO "phonics" VALUES(123,'pu');
INSERT INTO "phonics" VALUES(124,'pe');
INSERT INTO "phonics" VALUES(125,'po');
INSERT INTO "phonics" VALUES(126,'ga');
INSERT INTO "phonics" VALUES(127,'gi');
INSERT INTO "phonics" VALUES(128,'gu');
INSERT INTO "phonics" VALUES(129,'ge');
INSERT INTO "phonics" VALUES(130,'go');
INSERT INTO "phonics" VALUES(131,'za');
INSERT INTO "phonics" VALUES(132,'ji');
INSERT INTO "phonics" VALUES(133,'zu');
INSERT INTO "phonics" VALUES(134,'ze');
INSERT INTO "phonics" VALUES(135,'zo');
INSERT INTO "phonics" VALUES(136,'da');
INSERT INTO "phonics" VALUES(137,'ji');
INSERT INTO "phonics" VALUES(138,'du');
INSERT INTO "phonics" VALUES(139,'de');
INSERT INTO "phonics" VALUES(140,'do');
INSERT INTO "phonics" VALUES(141,'ba');
INSERT INTO "phonics" VALUES(142,'bi');
INSERT INTO "phonics" VALUES(143,'bu');
INSERT INTO "phonics" VALUES(144,'be');
INSERT INTO "phonics" VALUES(145,'bo');
INSERT INTO "phonics" VALUES(146,'pa');
INSERT INTO "phonics" VALUES(147,'pi');
INSERT INTO "phonics" VALUES(148,'pu');
INSERT INTO "phonics" VALUES(149,'pe');
INSERT INTO "phonics" VALUES(150,'po');
INSERT INTO "phonics" VALUES(151,'kya');
INSERT INTO "phonics" VALUES(152,'kyu');
INSERT INTO "phonics" VALUES(153,'kyo');
INSERT INTO "phonics" VALUES(154,'sha');
INSERT INTO "phonics" VALUES(155,'shu');
INSERT INTO "phonics" VALUES(156,'sho');
INSERT INTO "phonics" VALUES(157,'cha');
INSERT INTO "phonics" VALUES(158,'chu');
INSERT INTO "phonics" VALUES(159,'cho');
INSERT INTO "phonics" VALUES(160,'nya');
INSERT INTO "phonics" VALUES(161,'nyu');
INSERT INTO "phonics" VALUES(162,'nyo');
INSERT INTO "phonics" VALUES(163,'hya');
INSERT INTO "phonics" VALUES(164,'hyu');
INSERT INTO "phonics" VALUES(165,'hyo');
INSERT INTO "phonics" VALUES(166,'mya');
INSERT INTO "phonics" VALUES(167,'myu');
INSERT INTO "phonics" VALUES(168,'myo');
INSERT INTO "phonics" VALUES(169,'rya');
INSERT INTO "phonics" VALUES(170,'ryu');
INSERT INTO "phonics" VALUES(171,'ryo');
INSERT INTO "phonics" VALUES(172,'gya');
INSERT INTO "phonics" VALUES(173,'gyu');
INSERT INTO "phonics" VALUES(174,'gyo');
INSERT INTO "phonics" VALUES(175,'ja');
INSERT INTO "phonics" VALUES(176,'ju');
INSERT INTO "phonics" VALUES(177,'jo');
INSERT INTO "phonics" VALUES(178,'dya');
INSERT INTO "phonics" VALUES(179,'dyu');
INSERT INTO "phonics" VALUES(180,'dyo');
INSERT INTO "phonics" VALUES(181,'bya');
INSERT INTO "phonics" VALUES(182,'byu');
INSERT INTO "phonics" VALUES(183,'byo');
INSERT INTO "phonics" VALUES(184,'pya');
INSERT INTO "phonics" VALUES(185,'pyu');
INSERT INTO "phonics" VALUES(186,'pyo');
INSERT INTO "phonics" VALUES(201,'kya');
INSERT INTO "phonics" VALUES(202,'kyu');
INSERT INTO "phonics" VALUES(203,'kyo');
INSERT INTO "phonics" VALUES(204,'sha');
INSERT INTO "phonics" VALUES(205,'shu');
INSERT INTO "phonics" VALUES(206,'sho');
INSERT INTO "phonics" VALUES(207,'cha');
INSERT INTO "phonics" VALUES(208,'chu');
INSERT INTO "phonics" VALUES(209,'cho');
INSERT INTO "phonics" VALUES(210,'nya');
INSERT INTO "phonics" VALUES(211,'nyu');
INSERT INTO "phonics" VALUES(212,'nyo');
INSERT INTO "phonics" VALUES(213,'hya');
INSERT INTO "phonics" VALUES(214,'hyu');
INSERT INTO "phonics" VALUES(215,'hyo');
INSERT INTO "phonics" VALUES(216,'mya');
INSERT INTO "phonics" VALUES(217,'myu');
INSERT INTO "phonics" VALUES(218,'myo');
INSERT INTO "phonics" VALUES(219,'rya');
INSERT INTO "phonics" VALUES(220,'ryu');
INSERT INTO "phonics" VALUES(221,'ryo');
INSERT INTO "phonics" VALUES(222,'gya');
INSERT INTO "phonics" VALUES(223,'gyu');
INSERT INTO "phonics" VALUES(224,'gyo');
INSERT INTO "phonics" VALUES(225,'ja');
INSERT INTO "phonics" VALUES(226,'ju');
INSERT INTO "phonics" VALUES(227,'jo');
INSERT INTO "phonics" VALUES(228,'dya');
INSERT INTO "phonics" VALUES(229,'dyu');
INSERT INTO "phonics" VALUES(230,'dyo');
INSERT INTO "phonics" VALUES(231,'bya');
INSERT INTO "phonics" VALUES(232,'byu');
INSERT INTO "phonics" VALUES(233,'byo');
INSERT INTO "phonics" VALUES(234,'pya');
INSERT INTO "phonics" VALUES(235,'pyu');
INSERT INTO "phonics" VALUES(236,'pyo');
